,image_name,tags
0,0-0,0
1,0-1,0
2,0-2,0
3,0-3,0
4,0-4,0
5,0-5,0
6,0-6,0
7,0-7,0
8,0-8,0
9,0-9,0
10,0-10,0
11,0-11,0
12,0-12,0
13,0-13,0
14,0-14,0
15,0-15,0
16,0-16,0
17,0-17,0
18,0-18,0
19,0-19,0
20,0-20,0
21,0-21,0
22,0-22,0
23,0-23,0
24,0-24,0
25,0-25,0
26,0-26,0
27,0-27,0
28,0-28,0
29,0-29,0
30,0-30,0
31,0-31,0
32,0-32,0
33,0-33,0
34,0-34,0
35,0-35,0
36,0-36,0
37,0-37,0
38,0-38,0
39,0-39,0
40,0-40,0
41,0-41,0
42,0-42,0
43,0-43,0
44,0-44,0
45,0-45,0
46,0-46,0
47,0-47,0
48,0-48,0
49,0-49,0
50,0-50,0
51,0-51,0
52,0-52,0
53,0-53,0
54,0-54,0
55,0-55,0
56,0-56,0
57,0-57,0
58,0-58,0
59,0-59,0
60,0-60,0
61,0-61,0
62,0-62,0
63,0-63,0
64,0-64,0
65,0-65,0
66,0-66,0
67,0-67,0
68,0-68,0
69,0-69,0
70,0-70,0
71,0-71,0
72,0-72,0
73,0-73,0
74,0-74,0
75,0-75,0
76,0-76,0
77,0-77,0
78,0-78,0
79,0-79,0
80,0-80,0
81,0-81,0
82,0-82,0
83,0-83,0
84,0-84,0
85,0-85,0
86,0-86,0
87,0-87,0
88,0-88,0
89,0-89,0
90,0-90,0
91,0-91,0
92,0-92,0
93,0-93,0
94,0-94,0
95,0-95,0
96,0-96,0
97,0-97,0
98,0-98,0
99,0-99,0
100,0-100,0
101,0-101,0
102,0-102,0
103,0-103,0
104,0-104,0
105,0-105,0
106,0-106,0
107,0-107,0
108,0-108,0
109,0-109,0
110,0-110,0
111,0-111,0
112,0-112,0
113,0-113,0
114,0-114,0
115,0-115,0
116,0-116,0
117,0-117,0
118,0-118,0
119,0-119,0
120,0-120,0
121,0-121,0
122,0-122,0
123,0-123,0
124,0-124,0
125,0-125,0
126,0-126,0
127,0-127,0
128,0-128,0
129,0-129,0
130,0-130,0
131,0-131,0
132,0-132,0
133,0-133,0
134,0-134,0
135,0-135,0
136,0-136,0
137,0-137,0
138,0-138,0
139,0-139,0
140,0-140,0
141,0-141,0
142,0-142,0
143,0-143,0
144,0-144,0
145,0-145,0
146,0-146,0
147,0-147,0
148,0-148,0
149,0-149,0
150,0-150,0
151,0-151,0
152,0-152,0
153,0-153,0
154,0-154,0
155,0-155,0
156,0-156,0
157,0-157,0
158,0-158,0
159,0-159,0
160,0-160,0
161,0-161,0
162,0-162,0
163,0-163,0
164,0-164,0
165,0-165,0
166,0-166,0
167,0-167,0
168,0-168,0
169,0-169,0
170,0-170,0
171,0-171,0
172,0-172,0
173,0-173,0
174,0-174,0
175,0-175,0
176,0-176,0
177,0-177,0
178,0-178,0
179,0-179,0
180,0-180,0
181,0-181,0
182,0-182,0
183,0-183,0
184,0-184,0
185,0-185,0
186,0-186,0
187,0-187,0
188,0-188,0
189,0-189,0
190,0-190,0
191,0-191,0
192,0-192,0
193,0-193,0
194,0-194,0
195,0-195,0
196,0-196,0
197,0-197,0
198,0-198,0
199,0-199,0
200,0-200,0
201,0-201,0
202,0-202,0
203,0-203,0
204,0-204,0
205,0-205,0
206,0-206,0
207,0-207,0
208,0-208,0
209,0-209,0
210,0-210,0
211,0-211,0
212,0-212,0
213,0-213,0
214,0-214,0
215,0-215,0
216,0-216,0
217,0-217,0
218,0-218,0
219,0-219,0
220,0-220,0
221,0-221,0
222,0-222,0
223,0-223,0
224,0-224,0
225,0-225,0
226,0-226,0
227,0-227,0
228,0-228,0
229,0-229,0
230,0-230,0
231,0-231,0
232,0-232,0
233,0-233,0
234,0-234,0
235,0-235,0
236,0-236,0
237,0-237,0
238,0-238,0
239,0-239,0
240,0-240,0
241,0-241,0
242,0-242,0
243,0-243,0
244,0-244,0
245,0-245,0
246,0-246,0
247,0-247,0
248,0-248,0
249,0-249,0
250,0-250,0
251,0-251,0
252,0-252,0
253,0-253,0
254,0-254,0
255,0-255,0
256,0-256,0
257,0-257,0
258,0-258,0
259,0-259,0
260,0-260,0
261,0-261,0
262,0-262,0
263,0-263,0
264,0-264,0
265,0-265,0
266,0-266,0
267,0-267,0
268,0-268,0
269,0-269,0
270,0-270,0
271,0-271,0
272,0-272,0
273,0-273,0
274,0-274,0
275,0-275,0
276,0-276,0
277,0-277,0
278,0-278,0
279,0-279,0
280,0-280,0
281,0-281,0
282,0-282,0
283,0-283,0
284,0-284,0
285,0-285,0
286,0-286,0
287,0-287,0
288,0-288,0
289,0-289,0
290,0-290,0
291,0-291,0
292,0-292,0
293,0-293,0
294,0-294,0
295,0-295,0
296,0-296,0
297,0-297,0
298,0-298,0
299,0-299,0
300,0-300,0
301,0-301,0
302,0-302,0
303,0-303,0
304,0-304,0
305,0-305,0
306,0-306,0
307,0-307,0
308,0-308,0
309,0-309,0
310,0-310,0
311,0-311,0
312,0-312,0
313,0-313,0
314,0-314,0
315,0-315,0
316,0-316,0
317,0-317,0
318,0-318,0
319,0-319,0
320,0-320,0
321,0-321,0
322,0-322,0
323,0-323,0
324,0-324,0
325,0-325,0
326,0-326,0
327,0-327,0
328,0-328,0
329,0-329,0
330,0-330,0
331,0-331,0
332,0-332,0
333,0-333,0
334,0-334,0
335,0-335,0
336,0-336,0
337,0-337,0
338,0-338,0
339,0-339,0
340,0-340,0
341,0-341,0
342,0-342,0
343,0-343,0
344,0-344,0
345,0-345,0
346,0-346,0
347,0-347,0
348,0-348,0
349,0-349,0
350,0-350,0
351,0-351,0
352,0-352,0
353,0-353,0
354,0-354,0
355,0-355,0
356,0-356,0
357,0-357,0
358,0-358,0
359,0-359,0
360,0-360,0
361,0-361,0
362,0-362,0
363,0-363,0
364,0-364,0
365,0-365,0
366,0-366,0
367,0-367,0
368,0-368,0
369,0-369,0
370,0-370,0
371,0-371,0
372,0-372,0
373,0-373,0
374,0-374,0
375,0-375,0
376,0-376,0
377,0-377,0
378,0-378,0
379,0-379,0
380,0-380,0
381,0-381,0
382,0-382,0
383,0-383,0
384,0-384,0
385,0-385,0
386,0-386,0
387,0-387,0
388,0-388,0
389,0-389,0
390,0-390,0
391,0-391,0
392,0-392,0
393,0-393,0
394,0-394,0
395,0-395,0
396,0-396,0
397,0-397,0
398,0-398,0
399,0-399,0
400,0-400,0
401,0-401,0
402,0-402,0
403,0-403,0
404,0-404,0
405,0-405,0
406,0-406,0
407,0-407,0
408,0-408,0
409,0-409,0
410,0-410,0
411,0-411,0
412,0-412,0
413,0-413,0
414,0-414,0
415,0-415,0
416,0-416,0
417,0-417,0
418,0-418,0
419,0-419,0
420,0-420,0
421,0-421,0
422,0-422,0
423,0-423,0
424,0-424,0
425,0-425,0
426,0-426,0
427,0-427,0
428,0-428,0
429,0-429,0
430,0-430,0
431,0-431,0
432,0-432,0
433,0-433,0
434,0-434,0
435,0-435,0
436,0-436,0
437,0-437,0
438,0-438,0
439,0-439,0
440,0-440,0
441,0-441,0
442,0-442,0
443,0-443,0
444,0-444,0
445,0-445,0
446,0-446,0
447,0-447,0
448,0-448,0
449,0-449,0
450,0-450,0
451,0-451,0
452,0-452,0
453,0-453,0
454,0-454,0
455,0-455,0
456,0-456,0
457,0-457,0
458,0-458,0
459,0-459,0
460,0-460,0
461,0-461,0
462,0-462,0
463,0-463,0
464,0-464,0
465,0-465,0
466,0-466,0
467,0-467,0
468,0-468,0
469,0-469,0
470,0-470,0
471,0-471,0
472,0-472,0
473,0-473,0
474,0-474,0
475,0-475,0
476,0-476,0
477,0-477,0
478,0-478,0
479,0-479,0
480,0-480,0
481,0-481,0
482,0-482,0
483,0-483,0
484,0-484,0
485,0-485,0
486,0-486,0
487,0-487,0
488,0-488,0
489,0-489,0
490,0-490,0
491,0-491,0
492,0-492,0
493,0-493,0
494,0-494,0
495,0-495,0
496,0-496,0
497,0-497,0
498,0-498,0
499,0-499,0
500,0-500,0
501,0-501,0
502,0-502,0
503,0-503,0
504,0-504,0
505,0-505,0
506,0-506,0
507,0-507,0
508,0-508,0
509,0-509,0
510,0-510,0
511,0-511,0
512,0-512,0
513,0-513,0
514,0-514,0
515,0-515,0
516,0-516,0
517,0-517,0
518,0-518,0
519,0-519,0
520,0-520,0
521,0-521,0
522,0-522,0
523,0-523,0
524,0-524,0
525,0-525,0
526,0-526,0
527,0-527,0
528,0-528,0
529,0-529,0
530,0-530,0
531,0-531,0
532,0-532,0
533,0-533,0
534,0-534,0
535,0-535,0
536,0-536,0
537,0-537,0
538,0-538,0
539,0-539,0
540,0-540,0
541,0-541,0
542,0-542,0
543,0-543,0
544,0-544,0
545,0-545,0
546,0-546,0
547,0-547,0
548,0-548,0
549,0-549,0
550,0-550,0
551,0-551,0
552,0-552,0
553,0-553,0
554,0-554,0
555,0-555,0
556,0-556,0
557,0-557,0
558,0-558,0
559,0-559,0
560,0-560,0
561,0-561,0
562,0-562,0
563,0-563,0
564,0-564,0
565,0-565,0
566,0-566,0
567,0-567,0
568,0-568,0
569,0-569,0
570,0-570,0
571,0-571,0
572,0-572,0
573,0-573,0
574,0-574,0
575,0-575,0
576,0-576,0
577,0-577,0
578,0-578,0
579,0-579,0
580,0-580,0
581,0-581,0
582,0-582,0
583,0-583,0
584,0-584,0
585,0-585,0
586,0-586,0
587,0-587,0
588,0-588,0
589,0-589,0
590,0-590,0
591,0-591,0
592,0-592,0
593,0-593,0
594,0-594,0
595,0-595,0
596,0-596,0
597,0-597,0
598,0-598,0
599,0-599,0
600,0-600,0
601,0-601,0
602,0-602,0
603,0-603,0
604,0-604,0
605,0-605,0
606,0-606,0
607,0-607,0
608,0-608,0
609,0-609,0
610,0-610,0
611,0-611,0
612,0-612,0
613,0-613,0
614,0-614,0
615,0-615,0
616,0-616,0
617,0-617,0
618,0-618,0
619,0-619,0
620,0-620,0
621,0-621,0
622,0-622,0
623,0-623,0
624,0-624,0
625,0-625,0
626,0-626,0
627,0-627,0
628,0-628,0
629,0-629,0
630,0-630,0
631,0-631,0
632,0-632,0
633,0-633,0
634,0-634,0
635,0-635,0
636,0-636,0
637,0-637,0
638,0-638,0
639,0-639,0
640,0-640,0
641,0-641,0
642,0-642,0
643,0-643,0
644,0-644,0
645,0-645,0
646,0-646,0
647,0-647,0
648,0-648,0
649,0-649,0
650,0-650,0
651,0-651,0
652,0-652,0
653,0-653,0
654,0-654,0
655,0-655,0
656,0-656,0
657,0-657,0
658,0-658,0
659,0-659,0
660,0-660,0
661,0-661,0
662,0-662,0
663,0-663,0
664,0-664,0
665,0-665,0
666,0-666,0
667,0-667,0
668,0-668,0
669,0-669,0
670,0-670,0
671,0-671,0
672,0-672,0
673,0-673,0
674,0-674,0
675,0-675,0
676,0-676,0
677,0-677,0
678,0-678,0
679,0-679,0
680,0-680,0
681,0-681,0
682,0-682,0
683,0-683,0
684,0-684,0
685,0-685,0
686,0-686,0
687,0-687,0
688,0-688,0
689,0-689,0
690,0-690,0
691,0-691,0
692,0-692,0
693,0-693,0
694,0-694,0
695,0-695,0
696,0-696,0
697,0-697,0
698,0-698,0
699,0-699,0
700,0-700,0
701,0-701,0
702,0-702,0
703,0-703,0
704,0-704,0
705,0-705,0
706,0-706,0
707,0-707,0
708,0-708,0
709,0-709,0
710,0-710,0
711,0-711,0
712,0-712,0
713,0-713,0
714,0-714,0
715,0-715,0
716,0-716,0
717,0-717,0
718,0-718,0
719,0-719,0
720,0-720,0
721,0-721,0
722,0-722,0
723,0-723,0
724,0-724,0
725,0-725,0
726,0-726,0
727,0-727,0
728,0-728,0
729,0-729,0
730,0-730,0
731,0-731,0
732,0-732,0
733,0-733,0
734,0-734,0
735,0-735,0
736,0-736,0
737,0-737,0
738,0-738,0
739,0-739,0
740,0-740,0
741,0-741,0
742,0-742,0
743,0-743,0
744,0-744,0
745,0-745,0
746,0-746,0
747,0-747,0
748,0-748,0
749,0-749,0
750,0-750,0
751,0-751,0
752,0-752,0
753,0-753,0
754,0-754,0
755,0-755,0
756,0-756,0
757,0-757,0
758,0-758,0
759,0-759,0
760,0-760,0
761,0-761,0
762,1-0,1
763,1-1,1
764,1-2,1
765,1-3,1
766,1-4,1
767,1-5,1
768,1-6,1
769,1-7,1
770,1-8,1
771,1-9,1
772,1-10,1
773,1-11,1
774,1-12,1
775,1-13,1
776,1-14,1
777,1-15,1
778,1-16,1
779,1-17,1
780,1-18,1
781,1-19,1
782,1-20,1
783,1-21,1
784,1-22,1
785,1-23,1
786,1-24,1
787,1-25,1
788,1-26,1
789,1-27,1
790,1-28,1
791,1-29,1
792,1-30,1
793,1-31,1
794,1-32,1
795,1-33,1
796,1-34,1
797,1-35,1
798,1-36,1
799,1-37,1
800,1-38,1
801,1-39,1
802,1-40,1
803,1-41,1
804,1-42,1
805,1-43,1
806,1-44,1
807,1-45,1
808,1-46,1
809,1-47,1
810,1-48,1
811,1-49,1
812,1-50,1
813,1-51,1
814,1-52,1
815,1-53,1
816,1-54,1
817,1-55,1
818,1-56,1
819,1-57,1
820,1-58,1
821,1-59,1
822,1-60,1
823,1-61,1
824,1-62,1
825,1-63,1
826,1-64,1
827,1-65,1
828,1-66,1
829,1-67,1
830,1-68,1
831,1-69,1
832,1-70,1
833,1-71,1
834,1-72,1
835,1-73,1
836,1-74,1
837,1-75,1
838,1-76,1
839,1-77,1
840,1-78,1
841,1-79,1
842,1-80,1
843,1-81,1
844,1-82,1
845,1-83,1
846,1-84,1
847,1-85,1
848,1-86,1
849,1-87,1
850,1-88,1
851,1-89,1
852,1-90,1
853,1-91,1
854,1-92,1
855,1-93,1
856,1-94,1
857,1-95,1
858,1-96,1
859,1-97,1
860,1-98,1
861,1-99,1
862,1-100,1
863,1-101,1
864,1-102,1
865,1-103,1
866,1-104,1
867,1-105,1
868,1-106,1
869,1-107,1
870,1-108,1
871,1-109,1
872,1-110,1
873,1-111,1
874,1-112,1
875,1-113,1
876,1-114,1
877,1-115,1
878,1-116,1
879,1-117,1
880,1-118,1
881,1-119,1
882,1-120,1
883,1-121,1
884,1-122,1
885,1-123,1
886,1-124,1
887,1-125,1
888,1-126,1
889,1-127,1
890,1-128,1
891,1-129,1
892,1-130,1
893,1-131,1
894,1-132,1
895,1-133,1
896,1-134,1
897,1-135,1
898,1-136,1
899,1-137,1
900,1-138,1
901,1-139,1
902,1-140,1
903,1-141,1
904,1-142,1
905,1-143,1
906,1-144,1
907,1-145,1
908,1-146,1
909,1-147,1
910,1-148,1
911,1-149,1
912,1-150,1
913,1-151,1
914,1-152,1
915,1-153,1
916,1-154,1
917,1-155,1
918,1-156,1
919,1-157,1
920,1-158,1
921,1-159,1
922,1-160,1
923,1-161,1
924,1-162,1
925,1-163,1
926,1-164,1
927,1-165,1
928,1-166,1
929,1-167,1
930,1-168,1
931,1-169,1
932,1-170,1
933,1-171,1
934,1-172,1
935,1-173,1
936,1-174,1
937,1-175,1
938,1-176,1
939,1-177,1
940,1-178,1
941,1-179,1
942,1-180,1
943,1-181,1
944,1-182,1
945,1-183,1
946,1-184,1
947,1-185,1
948,1-186,1
949,1-187,1
950,1-188,1
951,1-189,1
952,1-190,1
953,1-191,1
954,1-192,1
955,1-193,1
956,1-194,1
957,1-195,1
958,1-196,1
959,1-197,1
960,1-198,1
961,1-199,1
962,1-200,1
963,1-201,1
964,1-202,1
965,1-203,1
966,1-204,1
967,1-205,1
968,1-206,1
969,1-207,1
970,1-208,1
971,1-209,1
972,1-210,1
973,1-211,1
974,1-212,1
975,1-213,1
976,1-214,1
977,1-215,1
978,1-216,1
979,1-217,1
980,1-218,1
981,1-219,1
982,1-220,1
983,1-221,1
984,1-222,1
985,1-223,1
986,1-224,1
987,1-225,1
988,1-226,1
989,1-227,1
990,1-228,1
991,1-229,1
992,1-230,1
993,1-231,1
994,1-232,1
995,1-233,1
996,1-234,1
997,1-235,1
998,1-236,1
999,1-237,1
1000,1-238,1
1001,1-239,1
1002,1-240,1
1003,1-241,1
1004,1-242,1
1005,1-243,1
1006,1-244,1
1007,1-245,1
1008,1-246,1
1009,1-247,1
1010,1-248,1
1011,1-249,1
1012,1-250,1
1013,1-251,1
1014,1-252,1
1015,1-253,1
1016,1-254,1
1017,1-255,1
1018,1-256,1
1019,1-257,1
1020,1-258,1
1021,1-259,1
1022,1-260,1
1023,1-261,1
1024,1-262,1
1025,1-263,1
1026,1-264,1
1027,1-265,1
1028,1-266,1
1029,1-267,1
1030,1-268,1
1031,1-269,1
1032,1-270,1
1033,1-271,1
1034,1-272,1
1035,1-273,1
1036,1-274,1
1037,1-275,1
1038,1-276,1
1039,1-277,1
1040,1-278,1
1041,1-279,1
1042,1-280,1
1043,1-281,1
1044,1-282,1
1045,1-283,1
1046,1-284,1
1047,1-285,1
1048,1-286,1
1049,1-287,1
1050,1-288,1
1051,1-289,1
1052,1-290,1
1053,1-291,1
1054,1-292,1
1055,1-293,1
1056,1-294,1
1057,1-295,1
1058,1-296,1
1059,1-297,1
1060,1-298,1
1061,1-299,1
1062,1-300,1
1063,1-301,1
1064,1-302,1
1065,1-303,1
1066,1-304,1
1067,1-305,1
1068,1-306,1
1069,1-307,1
1070,1-308,1
1071,1-309,1
1072,1-310,1
1073,1-311,1
1074,1-312,1
1075,1-313,1
1076,1-314,1
1077,1-315,1
1078,1-316,1
1079,1-317,1
1080,1-318,1
1081,1-319,1
1082,1-320,1
1083,1-321,1
1084,1-322,1
1085,1-323,1
1086,1-324,1
1087,1-325,1
1088,1-326,1
1089,1-327,1
1090,1-328,1
1091,1-329,1
1092,1-330,1
1093,1-331,1
1094,1-332,1
1095,1-333,1
1096,1-334,1
1097,1-335,1
1098,1-336,1
1099,1-337,1
1100,1-338,1
1101,1-339,1
1102,1-340,1
1103,1-341,1
1104,1-342,1
1105,1-343,1
1106,1-344,1
1107,1-345,1
1108,1-346,1
1109,1-347,1
1110,1-348,1
1111,1-349,1
